{
  "fixtureRevision": 1,
  "input": "{\"😀\":1,\"\":2,\"a\":\"line\\n雪\",\"n\":333333333.33333329}",
  "canonical": "{\"a\":\"line\\n雪\",\"n\":333333333.3333333,\"😀\":1,\"\":2}",
  "sha256": "9278f06c05db0a049553250c6091a2676155e6fca1e3d083b146aae056c2c3cb"
}
